{
    "all_p0": [
        0.0001,
        0.0001333521432163324,
        0.00017782794100389227,
        0.00023713737056616554,
        0.00031622776601683794,
        0.00042169650342858224,
        0.0005623413251903491,
        0.0007498942093324559,
        0.001,
        0.001333521432163324,
        0.0017782794100389228,
        0.0023713737056616554,
        0.0031622776601683794,
        0.004216965034285823,
        0.005623413251903491,
        0.007498942093324558,
        0.01,
        0.01333521432163324,
        0.01778279410038923,
        0.023713737056616554,
        0.03162277660168379,
        0.042169650342858224,
        0.05623413251903491,
        0.07498942093324558,
        0.1,
        0.1333521432163324,
        0.1778279410038923,
        0.23713737056616552,
        0.31622776601683794,
        0.4216965034285822,
        0.5623413251903491,
        0.7498942093324559,
        1.0
    ],
    "exp_val_x_free": [
        0.7047810942865694,
        0.7040067837431899,
        0.7029752779804707,
        0.7016016153427684,
        0.6997731321720054,
        0.6973407140720562,
        0.6941075064170835,
        0.6898145239737106,
        0.6841226277992462,
        0.6765905313394125,
        0.66664901836426,
        0.6535726813973898,
        0.6364526788229025,
        0.6141779727897273,
        0.5854392563081556,
        0.548780514933644,
        0.5027387923270379,
        0.4461322963148359,
        0.37857394110576353,
        0.3012809214517996,
        0.21816485267504807,
        0.13687608381468483,
        0.06861972434632736,
        0.024131399719823286,
        0.0049317825468689356,
        0.0004630515117250014,
        1.4808554854627777e-05,
        9.954575582393249e-08,
        5.6622691981010664e-11,
        4.1113689723782536e-16,
        2.400881882887285e-25,
        -1.2129446390224152e-59,
        -7.120972417690634e-40
    ],
    "exp_val_x_postselected": [
        0.7071067811608007,
        0.7071067811254743,
        0.707106781041677,
        0.7071067808428746,
        0.7071067803711578,
        0.7071067792516954,
        0.7071067765942539,
        0.7071067702837577,
        0.7071067552915212,
        0.7071067196515032,
        0.7071066348566131,
        0.7071064328878918,
        0.7071059511108994,
        0.7071047995722791,
        0.7071020397300443,
        0.7070954011261043,
        0.7070793529950987,
        0.7070402944990131,
        0.706944342608377,
        0.7067055612641427,
        0.7061005164059497,
        0.704527936094626,
        0.7002917620079319,
        0.6883070380956866,
        0.6523363217760273,
        0.5413135045895454,
        0.2665095467103708,
        0.02627331923647518,
        0.00024543228377041593,
        3.2648735133027464e-07,
        9.865730613227653e-12,
        1.7863061383137788e-43,
        1.8114128257129373e-22
    ],
    "exp_val_x_corrected": [
        0.707105108073158,
        0.7071038066284857,
        0.7071014932631993,
        0.7070973817434605,
        0.7070900757405539,
        0.7070770964847095,
        0.7070540461936056,
        0.7070131284233081,
        0.7069405357462119,
        0.7068118488902948,
        0.7065839600268408,
        0.7061809564458928,
        0.7054695946221566,
        0.7042170328594312,
        0.702018954482408,
        0.6981792242179254,
        0.6915126721607143,
        0.680034506916087,
        0.6604998732804039,
        0.6278264227114931,
        0.5746444311895438,
        0.4920816592662439,
        0.37458357698698286,
        0.233019990667948,
        0.10557342709541773,
        0.03071612007737051,
        0.005027870986089733,
        0.0003765359599102495,
        8.875465146146332e-06,
        2.9058792604426497e-08,
        1.1501128531864985e-12,
        2.227248470976661e-44,
        2.2938082521629444e-23
    ],
    "exp_val_y_free": [
        -0.7047810942865705,
        -0.7040067837431919,
        -0.7029752779804704,
        -0.7016016153427732,
        -0.699773132172013,
        -0.6973407140720531,
        -0.6941075064170891,
        -0.6898145239736979,
        -0.6841226277992487,
        -0.6765905313394155,
        -0.6666490183642666,
        -0.6535726813973924,
        -0.6364526788229031,
        -0.6141779727897289,
        -0.5854392563081641,
        -0.5487805149336485,
        -0.5027387923270251,
        -0.4461322963148354,
        -0.37857394110576237,
        -0.30128092145179697,
        -0.218164852675047,
        -0.13687608381468247,
        -0.06861972434632596,
        -0.024131399719822436,
        -0.004931782546868823,
        -0.0004630515117249957,
        -1.4808554854618898e-05,
        -9.954575582381189e-08,
        -5.6622691983938276e-11,
        -4.111368644362177e-16,
        -2.4024279702568675e-25,
        5.549259272756151e-62,
        3.3379224304254427e-41
    ],
    "exp_val_y_postselected": [
        -0.7071067811608004,
        -0.7071067811254738,
        -0.7071067810416799,
        -0.707106780842874,
        -0.7071067803711633,
        -0.7071067792516916,
        -0.7071067765942589,
        -0.707106770283745,
        -0.7071067552915213,
        -0.7071067196515051,
        -0.7071066348566182,
        -0.7071064328878934,
        -0.7071059511109019,
        -0.7071047995722848,
        -0.7071020397300506,
        -0.7070954011261096,
        -0.7070793529950863,
        -0.7070402944990116,
        -0.7069443426083775,
        -0.7067055612641404,
        -0.7061005164059478,
        -0.7045279360946198,
        -0.7002917620079303,
        -0.6883070380956801,
        -0.6523363217760257,
        -0.5413135045895487,
        -0.2665095467103717,
        -0.02627331923647532,
        -0.00024543228377041566,
        -3.264873513302709e-07,
        -9.865730613227736e-12,
        -1.7863061383137808e-43,
        -1.8114128257129495e-22
    ],
    "exp_val_y_corrected": [
        -0.7071051080731573,
        -0.7071038066284886,
        -0.7071014932632028,
        -0.7070973817434626,
        -0.7070900757405604,
        -0.707077096484706,
        -0.7070540461936147,
        -0.707013128423293,
        -0.7069405357462142,
        -0.7068118488903007,
        -0.7065839600268435,
        -0.7061809564458973,
        -0.7054695946221571,
        -0.7042170328594332,
        -0.7020189544824167,
        -0.6981792242179315,
        -0.6915126721607024,
        -0.6800345069160867,
        -0.6604998732804034,
        -0.6278264227114917,
        -0.5746444311895419,
        -0.49208165926624337,
        -0.3745835769869825,
        -0.23301999066794757,
        -0.10557342709541756,
        -0.030716120077370516,
        -0.005027870986089737,
        -0.0003765359599102492,
        -8.875465146146342e-06,
        -2.9058792604426514e-08,
        -1.1501128531864991e-12,
        -2.2272484709766617e-44,
        -2.293808252162945e-23
    ],
    "acceptance_probabilities": [
        0.9976550762214245,
        0.9968737687838729,
        0.9958324813858207,
        0.9944449739222818,
        0.9925966076982847,
        0.9901351567438614,
        0.9868587736936334,
        0.9825003305146666,
        0.9767072243362835,
        0.9690156641117905,
        0.9588185272488812,
        0.9453262735992096,
        0.9275214539646843,
        0.9041096387969786,
        0.873474153332818,
        0.8336506254234007,
        0.7823530850949504,
        0.717111365418442,
        0.6356283529773403,
        0.5365472422745275,
        0.42093499150250696,
        0.2948252505616936,
        0.172409179719805,
        0.07576273699006121,
        0.021866583538480627,
        0.003797031413084181,
        0.0004817584122454579,
        0.00010474292350274236,
        6.5192882412118e-05,
        6.125726055186993e-05,
        6.103723963527467e-05,
        6.10351562500076e-05,
        6.103515631417466e-05
    ]
}