{
    "all_p0": [
        0.0001,
        0.00017782794100389227,
        0.00031622776601683794,
        0.0005623413251903491,
        0.001,
        0.0017782794100389228,
        0.0031622776601683794,
        0.005623413251903491,
        0.01,
        0.01778279410038923,
        0.03162277660168379,
        0.05623413251903491,
        0.1,
        0.1778279410038923,
        0.31622776601683794,
        0.5623413251903491,
        1.0
    ],
    "exp_val_z_free": [
        0.9991200520188688,
        0.9984352788824903,
        0.9972177181783102,
        0.9950530570798858,
        0.9912052989269938,
        0.984368163468611,
        0.9722272809235287,
        0.950697336649064,
        0.9126273555897539,
        0.8457629145476879,
        0.7303410424456422,
        0.5406259456396043,
        0.27277575206530924,
        0.04377218292628435,
        0.00013962177092375147,
        3.0005418622263534e-12,
        2.1570415377137042e-32
    ],
    "exp_val_z_postselected": [
        1.0000000000000109,
        0.9999999999999373,
        0.9999999999999776,
        0.999999999999968,
        0.9999999999999689,
        0.9999999999995708,
        0.9999999999917779,
        0.9999999998653495,
        0.9999999976256352,
        0.9999999546263733,
        0.9999990323498871,
        0.9999754339825975,
        0.9991627647823854,
        0.9561703930661744,
        0.16084372015466816,
        4.5223663136144016e-05,
        -1.0057018694274891e-15
    ],
    "exp_val_z_corrected": [
        0.999999999779303,
        0.9999999987587246,
        0.9999999930188495,
        0.9999999607298155,
        0.9999997790450915,
        0.9999987562798889,
        0.9999929945299036,
        0.9999604987630905,
        0.9997769586832026,
        0.9987395345725243,
        0.9929100465436795,
        0.9631503144968889,
        0.823294507466201,
        0.4234126993565121,
        0.03382185149537634,
        1.8345386440802075e-05,
        -5.349057715456451e-16
    ],
    "acceptance_probabilities": [
        0.9988802944902266,
        0.9980092585426303,
        0.9964611958720868,
        0.9937111029239339,
        0.9888295299463695,
        0.9801768724181468,
        0.9648797118125126,
        0.93796446537349,
        0.8910308857808915,
        0.810615397060088,
        0.6777589651847461,
        0.47551292831502656,
        0.22407576617266253,
        0.04128155436965398,
        0.00480389666932322,
        0.003907433287901698,
        0.0039062500000070985
    ]
}