{
    "n_datas": [
        16,
        32,
        64,
        128,
        256,
        512,
        1024
    ],
    "original_prep": [
        0.08332742511504221,
        0.14902418869017364,
        0.2509757005567572,
        0.3746365868331579,
        0.4682291401061178,
        0.4979594591541846,
        0.4999915826005187
    ],
    "half_prep": [
        0.08332742511504221,
        0.14902418869017364,
        0.2509757005567572,
        0.3746365868331579,
        0.4682291401061178,
        0.4979594591541846,
        0.4999915826005187
    ],
    "quarter_prep": [
        0.09952176408407754,
        0.16855299730502915,
        0.283287719292328,
        0.4442467838002784,
        0.6115807573826454,
        0.7178939160942872,
        0.7479985947170823
    ],
    "original_syndrome": [
        0.5707075890706826,
        0.6227884783269301,
        0.6859593799210004,
        0.7337701804964466,
        0.7489576105359493,
        0.7499957000573882,
        0.7499999999268309
    ],
    "prep_syndrome": [
        0.5269703411861008,
        0.7345381898907954,
        0.8771136237827855,
        0.9299409060765215,
        0.9373624691790245,
        0.9374999616885364,
        0.9374999999999973
    ]
}