{
    "p0": [
        0.001,
        0.0011481536214968829,
        0.0013182567385564075,
        0.0015135612484362087,
        0.0017378008287493763,
        0.001995262314968879,
        0.0022908676527677724,
        0.0026302679918953813,
        0.003019951720402016,
        0.0034673685045253167,
        0.003981071705534973,
        0.004570881896148752,
        0.005248074602497723,
        0.0060255958607435805,
        0.006918309709189363,
        0.007943282347242814,
        0.009120108393559097,
        0.010471285480508996,
        0.012022644346174132,
        0.013803842646028845,
        0.015848931924611134,
        0.018197008586099836,
        0.020892961308540386,
        0.023988329190194897,
        0.02754228703338166,
        0.03162277660168379,
        0.03630780547701014,
        0.04168693834703353,
        0.047863009232263824,
        0.054954087385762455,
        0.0630957344480193,
        0.07244359600749899,
        0.08317637711026708,
        0.09549925860214359,
        0.1096478196143185,
        0.12589254117941676,
        0.1445439770745928,
        0.16595869074375597,
        0.19054607179632463,
        0.21877616239495518,
        0.25118864315095796,
        0.28840315031266056,
        0.3311311214825911,
        0.38018939632056126,
        0.43651583224016566,
        0.501187233627272,
        0.5754399373371566,
        0.6606934480075958,
        0.7585775750291835,
        0.8709635899560805,
        1.0
    ],
    "free_z": [
        0.0015982939401481544,
        0.0018347968880126353,
        0.0021062463250748342,
        0.002417790354087679,
        0.0027753304596723205,
        0.0031856301616741134,
        0.003656438825958841,
        0.004196632580676651,
        0.004816374480719365,
        0.005527296257141545,
        0.006342704172464408,
        0.007277811663569611,
        0.00835000157221949,
        0.009579120812458763,
        0.010987810267549969,
        0.012601872496635635,
        0.01445067939553718,
        0.016567621206633187,
        0.018990597089626082,
        0.0217625456900315,
        0.02493201156835656,
        0.028553739711265846,
        0.03268928529019399,
        0.03740761892080874,
        0.042785698350474966,
        0.048908965065354804,
        0.055871707912497015,
        0.06377721445481721,
        0.07273760323225253,
        0.08287319507325774,
        0.09431123772936179,
        0.10718374418185839,
        0.12162414028508978,
        0.1377623423813052,
        0.15571780275079122,
        0.17558997680122856,
        0.19744559413007157,
        0.2213020808377235,
        0.24710652635170216,
        0.2747097885685928,
        0.303835808941092,
        0.3340471637673327,
        0.3647096298205731,
        0.39496160093256827,
        0.4236993602583385,
        0.44959774855502144,
        0.4711996316799394,
        0.48712980070459,
        0.4965242342291639,
        0.49982125484867956,
        0.5001481481481481
    ],
    "postselected_ancilla_z": [
        0.0010709280186121939,
        0.0012303136790355884,
        0.0014135428483696422,
        0.0016242209930537599,
        0.0018665108456114021,
        0.00214522225295416,
        0.002465917618197311,
        0.002835035950918219,
        0.0032600391987746002,
        0.003749585348040152,
        0.004313733788874563,
        0.004964189686374076,
        0.005714595629560004,
        0.006580880698612845,
        0.007581679341837955,
        0.008738835113647592,
        0.010078007369717645,
        0.01162940232073234,
        0.013428653095018117,
        0.015517875990159302,
        0.017946930643084114,
        0.020774908158822658,
        0.024071859459802725,
        0.027920749991254712,
        0.03241957682506269,
        0.03768349646415203,
        0.0438466691334336,
        0.05106331175086498,
        0.05950716387832722,
        0.06936824483431514,
        0.08084553519144888,
        0.09413430543428891,
        0.10940763219104749,
        0.12679357027034044,
        0.14635241662361043,
        0.16806132951499497,
        0.19181371151866533,
        0.21743558923841777,
        0.2447109826654877,
        0.27339833775090777,
        0.3032186025077197,
        0.3338065391218331,
        0.3646358369556783,
        0.39494508242294873,
        0.4236969496379342,
        0.4495975572788892,
        0.471199625679247,
        0.487129800665393,
        0.49652423422915354,
        0.49982125484867956,
        0.5001481481481481
    ],
    "postselected_stabs_z": [
        2.220446049250313e-16,
        2.7755575615628914e-16,
        5.551115123125783e-16,
        1.1657341758564144e-15,
        2.220446049250313e-15,
        4.6074255521944e-15,
        9.270362255620057e-15,
        1.865174681370263e-14,
        3.7247982476174e-14,
        7.477352070850429e-14,
        1.500466417780899e-13,
        3.015365734881925e-13,
        6.066258606551855e-13,
        1.2219669720536785e-12,
        2.465028181575235e-12,
        4.980127421561065e-12,
        1.0080603018991496e-11,
        2.0447865622941208e-11,
        4.157857391717812e-11,
        8.478323598737347e-11,
        1.7343937397384934e-10,
        3.5611591453488245e-10,
        7.343064489795381e-10,
        1.5215230186882422e-09,
        3.170351148273909e-09,
        6.648478489967857e-09,
        1.4045390350769793e-08,
        2.992348174801762e-08,
        6.437167332506988e-08,
        1.4002174225646868e-07,
        3.084698229627314e-07,
        6.895063053846684e-07,
        1.5669814127927673e-06,
        3.628967436442032e-06,
        8.585855621079386e-06,
        2.080747765986768e-05,
        5.1789789948131215e-05,
        0.00013269879611133018,
        0.0003504777222671507,
        0.0009531986759389044,
        0.0026539067175007647,
        0.007450298618524032,
        0.020444460357964156,
        0.052059906438078674,
        0.11521859658980871,
        0.21098534551340442,
        0.31843030062976874,
        0.4099264728501529,
        0.46998927596287693,
        0.49691973209106677,
        0.49820239280600725
    ],
    "corrected_z": [
        1.7864138057710477e-08,
        2.7068277286268483e-08,
        4.102120770843598e-08,
        6.217779813244562e-08,
        9.426540237278402e-08,
        1.4294595257480225e-07,
        2.168243264932812e-07,
        3.2898529517266795e-07,
        4.993383219131786e-07,
        7.581983246240931e-07,
        1.1517597403587487e-06,
        1.7504748932029024e-06,
        2.661893360345058e-06,
        4.0503636949962285e-06,
        6.167302518345075e-06,
        9.397775186270607e-06,
        1.4332255189597465e-05,
        2.187730913710828e-05,
        3.3426492590193924e-05,
        5.112435757426148e-05,
        7.827062937404428e-05,
        0.0001199466617950451,
        0.00018397887251514478,
        0.0002822231162435407,
        0.0004330549250477489,
        0.0006644760765467939,
        0.0010190504528536093,
        0.0015607569314783354,
        0.0023839132908847205,
        0.0036275420309690443,
        0.005490555357348215,
        0.008251333971441566,
        0.012285045240406356,
        0.018070963259405326,
        0.02618200721577857,
        0.03725451329469931,
        0.052023699761521824,
        0.07122091661187535,
        0.09540572255916807,
        0.12472775847822476,
        0.1592523241795415,
        0.19872567327173396,
        0.24247597529496828,
        0.28923290675470636,
        0.33673875414108145,
        0.3814805177795174,
        0.4220353159170103,
        0.45625303089020264,
        0.4817880267904356,
        0.4974814754921059,
        0.49777777777777776
    ],