{
    "all_p0": [
        1e-05,
        1.2589254117941661e-05,
        1.584893192461114e-05,
        1.9952623149688786e-05,
        2.5118864315095822e-05,
        3.1622776601683795e-05,
        3.9810717055349695e-05,
        5.011872336272725e-05,
        6.309573444801929e-05,
        7.943282347242822e-05,
        0.0001,
        0.00012589254117941674,
        0.00015848931924611142,
        0.00019952623149688788,
        0.0002511886431509582,
        0.00031622776601683794,
        0.00039810717055349735,
        0.0005011872336272725,
        0.000630957344480193,
        0.0007943282347242822,
        0.001,
        0.0012589254117941675,
        0.001584893192461114,
        0.0019952623149688807,
        0.002511886431509582,
        0.0031622776601683794,
        0.003981071705534973,
        0.005011872336272725,
        0.006309573444801936,
        0.00794328234724282,
        0.01,
        0.012589254117941675,
        0.01584893192461114,
        0.01995262314968881,
        0.025118864315095822,
        0.03162277660168379,
        0.039810717055349734,
        0.05011872336272725,
        0.06309573444801936,
        0.07943282347242822,
        0.1,
        0.12589254117941687,
        0.15848931924611143,
        0.1995262314968879,
        0.25118864315095824,
        0.31622776601683794,
        0.39810717055349776,
        0.5011872336272725,
        0.6309573444801942,
        0.7943282347242822,
        1.0
    ],
    "exp_val_z_free": [
        0.7070747231953508,
        0.7070664217572183,
        0.7070559703921002,
        0.7070428121510974,
        0.7070262457178645,
        0.7070053879269077,
        0.7069791265320007,
        0.7069460606515645,
        0.7069044256540445,
        0.7068519983720747,
        0.7067859774195967,
        0.7067028319595321,
        0.7065981104184024,
        0.7064661982457879,
        0.7063000106845623,
        0.7060906023606399,
        0.7058266699885459,
        0.705493917004391,
        0.7050742387248329,
        0.7045446723512987,
        0.7038760359065768,
        0.7030311507815084,
        0.701962498924777,
        0.7006090990633999,
        0.6988922817643678,
        0.6967098737219706,
        0.6939280178746663,
        0.6903693629430202,
        0.6857954654326656,
        0.6798795701821562,
        0.6721626367206406,
        0.6619786972896845,
        0.6483211158007088,
        0.6295894037658845,
        0.6030872204517121,
        0.5640161869461049,
        0.503679522640664,
        0.408202384854923,
        0.26861964276980377,
        0.12000230219780589,
        0.0320500896716937,
        0.005234685182057516,
        0.0005379458843651981,
        3.144023710378829e-05,
        8.088380468968443e-07,
        5.974935371794274e-09,
        5.964574481994028e-12,
        1.5296082471747486e-16,
        5.488071327671161e-25,
        -1.1909498583790579e-39,
        8.542315438524085e-40
    ],
    "exp_val_z_postselected": [
        0.7071067807558723,
        0.7071067805039217,
        0.7071067801045556,
        0.7071067794715004,
        0.7071067784679709,
        0.7071067768770757,
        0.7071067743548618,
        0.7071067703557962,
        0.7071067640144592,
        0.7071067539576386,
        0.7071067380057194,
        0.7071067126978088,
        0.7071066725359051,
        0.7071066087805729,
        0.7071065075293744,
        0.7071063466456858,
        0.7071060908396624,
        0.7071056837686708,
        0.7071050353094408,
        0.7071040009671616,
        0.7071023483960756,
        0.7070997026273197,
        0.7070954557839272,
        0.7070886168890952,
        0.707077559245329,
        0.707059589879889,
        0.707030204130515,
        0.7069817710530135,
        0.706901164388529,
        0.7067653846318297,
        0.7065332295292904,
        0.7061289029790068,
        0.7054084774650854,
        0.7040881125328381,
        0.7015822971239534,
        0.6966179576233485,
        0.6862601667431797,
        0.6633639540053397,
        0.6103235023830217,
        0.4906356696108558,
        0.2816017177767642,
        0.08931114355695591,
        0.014758808112140556,
        0.0013180180185744543,
        5.8417140270840834e-05,
        1.0312368107676044e-06,
        4.340029016207489e-09,
        1.1337634877924685e-12,
        2.0984074781984501e-19,
        -2.1735040335599897e-30,
        -1.463098715655117e-26
    ],
    "exp_val_z_corrected": [
        0.7071067793776001,
        0.7071067783196242,
        0.7071067766426338,
        0.7071067739834078,
        0.7071067697694401,
        0.7071067630891471,
        0.7071067524985497,
        0.7071067357082246,
        0.7071067090869426,
        0.7071066668743242,
        0.7071065999295233,
        0.7071064937446392,
        0.7071063252849757,
        0.7071060579576488,
        0.707105633600353,
        0.7071049596946319,
        0.7071038889370426,
        0.7071021865150418,
        0.7070994775652778,
        0.7070951625128956,
        0.7070882801027787,
        0.7070772846235263,
        0.7070596812271865,
        0.7070314240886825,
        0.7069859131893922,
        0.7069123012122218,
        0.7067925923423581,
        0.7065965775685598,
        0.7062727907933833,
        0.7057319127757641,
        0.7048153090271814,
        0.7032330637657304,
        0.7004364981637826,
        0.6953432481998603,
        0.6857213463243428,
        0.6667777055166428,
        0.6279988665507951,
        0.5482588318438669,
        0.40138889190636806,
        0.2096038361195361,
        0.07042020260323394,
        0.015967817111543783,
        0.002620041145726634,
        0.0002886401329231918,
        1.739278698634305e-05,
        4.174351115956042e-07,
        2.3618047175511812e-09,
        7.638710454249082e-13,
        1.6344198438688744e-19,
        1.9161831020284317e-30,
        1.5755241401261626e-26
    ],
    "exp_val_x_free": [
        0.7070832075703275,
        0.7070771026570233,
        0.707069416379978,
        0.7070597389046771,
        0.7070475540616631,
        0.7070322116778028,
        0.7070128926782566,
        0.7069885650268061,
        0.7069579280671721,
        0.7069193421502082,
        0.70687073955694,
        0.7068095115937547,
        0.7067323652361145,
        0.7066351407153444,
        0.7065125787947473,
        0.7063580228653146,
        0.7061630360579824,
        0.705916906641011,
        0.7056060051928197,
        0.7052129428697448,
        0.7047154592961528,
        0.7040849373486096,
        0.7032843942888956,
        0.7022657237565828,
        0.7009658430762774,
        0.6993012029971174,
        0.6971597838009219,
        0.6943891219900643,
        0.6907778691741256,
        0.6860264399206444,
        0.6796985300790597,
        0.6711376479773844,
        0.6593167245669885,
        0.6425541359491701,
        0.6179557013272442,
        0.5803110180763277,
        0.5201558599360803,
        0.422459812076742,
        0.2775992103576729,
        0.12303676703707316,
        0.03234295157598425,
        0.0052008725176785914,
        0.0005427740537697578,
        3.4719908695381566e-05,
        1.074027966719742e-06,
        1.0275861282188715e-08,
        1.3728276529085458e-11,
        4.665078078181205e-16,
        1.7868593660521465e-24,
        -1.3232382312837167e-38,
        1.0294510293545102e-35
    ],